<annotation>
	<folder>images</folder>
	<filename>image (193).jpg</filename>
	<path>C:\Users\Moses Olafenwa\Documents\AI\Custom Datasets\Headset - Detection\post-processing\hololens\images\image (193).jpg</path>
	<source>
		<database>Unknown</database>
	</source>
	<size>
		<width>288</width>
		<height>175</height>
		<depth>3</depth>
	</size>
	<segmented>0</segmented>
	<object>
		<name>hololens</name>
		<pose>Unspecified</pose>
		<truncated>0</truncated>
		<difficult>0</difficult>
		<bndbox>
			<xmin>18</xmin>
			<ymin>32</ymin>
			<xmax>272</xmax>
			<ymax>144</ymax>
		</bndbox>
	</object>
</annotation>
