<annotation>
	<folder>images</folder>
	<filename>image (93).jpg</filename>
	<path>C:\Users\Moses Olafenwa\Documents\AI\Custom Datasets\Headset - Detection\post-processing\hololens\images\image (93).jpg</path>
	<source>
		<database>Unknown</database>
	</source>
	<size>
		<width>275</width>
		<height>183</height>
		<depth>3</depth>
	</size>
	<segmented>0</segmented>
	<object>
		<name>hololens</name>
		<pose>Unspecified</pose>
		<truncated>0</truncated>
		<difficult>0</difficult>
		<bndbox>
			<xmin>200</xmin>
			<ymin>22</ymin>
			<xmax>251</xmax>
			<ymax>42</ymax>
		</bndbox>
	</object>
	<object>
		<name>hololens</name>
		<pose>Unspecified</pose>
		<truncated>0</truncated>
		<difficult>0</difficult>
		<bndbox>
			<xmin>2</xmin>
			<ymin>86</ymin>
			<xmax>47</xmax>
			<ymax>107</ymax>
		</bndbox>
	</object>
</annotation>
